Időpont,Név,Irányítószám,Életkor,E-mail cím,TAJ szám
12:47,Boot Chaperlin,6674,110,bchaperlin0@globo.com,3445084111
13:30,Zebulen Vales,2685,104,zvales1@telegraph.co.uk,6637765019
10:43,Burt Spilling,2751,71,bspilling2@wired.com,3520859566
11:58,Noelani Racine,8062,33,nracine3@biblegateway.com,9322913035
12:21,Shelly Abbets,5977,97,sabbets4@state.tx.us,3990868413
8:13,Hewet Yashunin,6136,32,hyashunin5@ed.gov,9304341863
10:19,Chandra Crottagh,6627,86,ccrottagh6@microsoft.com,8181063794
10:37,Demott Fredson,6120,72,dfredson7@sohu.com,8278784776
12:04,Eddie MacArdle,6246,115,emacardle8@rediff.com,6372831446
13:58,Riki Cheal,6060,75,rcheal9@qq.com,7807972234
11:57,Skelly Parrington,5745,98,sparringtona@squarespace.com,5838377009
10:14,Wilfred Domoni,3126,28,wdomonib@cbc.ca,7566030707
11:31,Fleurette Maunders,9504,91,fmaundersc@mediafire.com,9299731073
11:10,Jere Scamadine,9135,48,jscamadined@ameblo.jp,6302509243
11:58,Ruby Randerson,3270,28,rrandersone@cloudflare.com,8029116409
14:20,Anthe Brunicke,3383,69,abrunickef@oracle.com,3477327349
13:09,Brendan Meany,4496,86,bmeanyg@army.mil,2983528860
8:28,Dody Sabattier,6679,77,dsabattierh@ftc.gov,4378925893
14:29,Jammie Ferroni,9734,56,jferronii@virginia.edu,7548526857
12:28,Carmita Ferro,3508,35,cferroj@chronoengine.com,8326309983
9:32,Willi Cripwell,4489,27,wcripwellk@theguardian.com,1523657691
15:30,Berna Rockliffe,8658,32,brockliffel@furl.net,5817916008
9:55,Reyna Johncey,7838,80,rjohnceym@smh.com.au,1242781777
10:00,Montague Pavitt,2544,31,mpavittn@dyndns.org,6546461985
11:54,Irene Forrestor,3469,105,iforrestoro@t-online.de,2189161688
10:55,Mildrid Kleiner,8384,71,mkleinerp@livejournal.com,3996965960
11:51,Nolana Eglise,9425,97,negliseq@infoseek.co.jp,6470774894
12:26,Helaina Benfell,9316,36,hbenfellr@typepad.com,1853924677
14:48,Nowell Ambrus,8308,49,nambruss@bizjournals.com,7054710327
14:33,Darb Sames,3512,32,dsamest@shop-pro.jp,1305481958
13:01,Hermie Dack,4126,47,hdacku@businessinsider.com,7854865458
13:07,Octavia Carbry,5776,90,ocarbryv@chicagotribune.com,6635692056
13:06,Nerissa Jerche,5920,104,njerchew@skyrock.com,9190718540
13:12,Dusty Pimlock,4505,72,dpimlockx@economist.com,8779838202
11:01,Agosto Ching,5242,117,achingy@bbc.co.uk,3265927813
13:15,Stinky Cowap,7073,67,scowapz@smugmug.com,9802943335
11:48,Ruggiero Axel,3294,72,raxel10@state.tx.us,7709513721
13:12,Salli Jollands,4743,20,sjollands11@cam.ac.uk,6527830455
10:57,Muriel McKimmie,7536,102,mmckimmie12@livejournal.com,8984266743
12:52,Nickolai Winckle,2353,38,nwinckle13@yellowpages.com,5766283341
11:12,Lonni Burgon,3876,51,lburgon14@comsenz.com,5107427830
13:36,Derrek Dransfield,2315,48,ddransfield15@wikispaces.com,1279311320
14:26,Mirilla Creany,4106,40,mcreany16@dagondesign.com,7730565661
9:43,Burty Wastell,5236,38,bwastell17@wikia.com,5823319823
14:25,Galven Lowrie,3494,50,glowrie18@netlog.com,8091075359
12:07,Britteny Persence,3530,101,bpersence19@wordpress.org,1796977734
10:35,Pooh Hamnet,5290,43,phamnet1a@google.com.hk,8187347195
11:16,Fanya Urwin,2292,95,furwin1b@dmoz.org,2029113842
12:25,Jenelle Kidstone,5728,76,jkidstone1c@pbs.org,7849119742
11:28,Lonnie Balshen,5611,55,lbalshen1d@cornell.edu,7686767544
14:47,Keir Yaus,3497,107,kyaus1e@telegraph.co.uk,7836682081
11:35,Correy Janczewski,7042,98,cjanczewski1f@devhub.com,7336199148
11:34,Kore Rodders,7138,79,krodders1g@google.com.br,7680370830
8:54,Shara Hatzar,5300,97,shatzar1h@delicious.com,3182351403
14:04,Jarrad Flintoff,3879,68,jflintoff1i@gmpg.org,2549275162
12:34,Tony Moff,5681,44,tmoff1j@reverbnation.com,1205066089
15:50,Luciana Welch,2629,90,lwelch1k@altervista.org,8507534847
12:42,Nicholle Sharma,8047,102,nsharma1l@t-online.de,2528856550
12:49,Daryle Van der Son,5324,64,dvan1m@eventbrite.com,2301264814
9:49,Bink MacCague,4308,30,bmaccague1n@webmd.com,1278340274
13:16,Tommie Reucastle,6784,52,treucastle1o@google.fr,3927629133
13:24,Oren Agiolfinger,8517,84,oagiolfinger1p@elegantthemes.com,2790326706
13:26,Kippy Atkins,7155,112,katkins1q@blog.com,2791931224
12:24,Cameron Vowell,9019,112,cvowell1r@vistaprint.com,8003020578
10:29,Kendricks Lough,3882,72,klough1s@is.gd,8111598184
9:51,Nannette Tytherton,4666,65,ntytherton1t@freewebs.com,5492658159
11:56,Julienne Brownhall,6328,19,jbrownhall1u@desdev.cn,5317880198
15:19,Ahmed Hodjetts,5679,71,ahodjetts1v@cisco.com,7537390657
12:37,Bill Blackborough,2216,20,bblackborough1w@sitemeter.com,6739446369
12:50,Nealy Christopherson,6273,20,nchristopherson1x@blogspot.com,5771277839
9:24,Godiva Etock,6009,96,getock1y@weibo.com,9540630283
10:59,Skelly Ferrierio,3450,101,sferrierio1z@themeforest.net,3173550461
10:24,Cully Lloyds,9692,94,clloyds20@free.fr,2990833329
11:17,Rosanne Barrowcliff,9775,105,rbarrowcliff21@gmpg.org,6254199628
8:22,Caren Fidal,3954,67,cfidal22@oaic.gov.au,8051278426
14:13,Bea Eyckelbeck,5956,102,beyckelbeck23@upenn.edu,1325500086
15:04,Joyan Gotecliffe,3774,51,jgotecliffe24@boston.com,2743730727
11:21,Marlo Roskelly,5274,76,mroskelly25@chicagotribune.com,4162914390
11:14,Nertie Dalwood,5260,47,ndalwood26@bluehost.com,6946035523
13:41,Daloris Lamborn,4781,30,dlamborn27@sogou.com,9224437267
15:37,Alidia Rickarsey,6097,26,arickarsey28@phpbb.com,2305761390
12:45,Clare Ableson,3961,31,cableson29@ycombinator.com,3789016783
9:11,Tiphanie Dicte,2972,74,tdicte2a@wunderground.com,6155403906
15:44,Avrom Blumsom,2532,45,ablumsom2b@freewebs.com,5769797974
13:40,Codi Boutcher,4526,30,cboutcher2c@mac.com,1908570431
12:28,Yvon Trathan,9764,88,ytrathan2d@washingtonpost.com,5777261892
9:17,Julianna Gantley,6912,103,jgantley2e@plala.or.jp,2329387621
8:55,Gwen Bellfield,6958,83,gbellfield2f@tmall.com,8562394452
9:05,Dane Di Batista,6650,73,ddi2g@fastcompany.com,6342966300
9:57,Carlota Motton,9330,31,cmotton2h@examiner.com,2409412867
8:29,Kristal Waeland,6022,107,kwaeland2i@issuu.com,4807391288
12:50,Coleman Pilgram,8019,54,cpilgram2j@artisteer.com,3058776170
12:19,Maxie Danilenko,6785,50,mdanilenko2k@topsy.com,2934960660
8:31,Garald Zack,2319,47,gzack2l@google.ca,8003930517
15:39,Hersch Tumasian,7047,115,htumasian2m@stumbleupon.com,9424443366
10:46,Berni Pickerin,8228,110,bpickerin2n@opensource.org,7293527543
12:52,Bartlett Ludford,5991,34,bludford2o@pen.io,7830221813
8:45,Teador Delyth,5001,76,tdelyth2p@purevolume.com,5610787821
12:13,Cory Benne,2636,69,cbenne2q@stumbleupon.com,7128075126
8:58,Charline Lyon,8991,117,clyon2r@webnode.com,5664449623
12:10,Parry Antcliff,5602,36,pantcliff2s@ovh.net,7238650259
10:17,Ugo Dannohl,4016,54,udannohl2t@quantcast.com,7092795850
12:24,Mark Stephens,4551,40,mstephens2u@psu.edu,4681211815
13:38,Lars Micheu,9662,82,lmicheu2v@newsvine.com,5266153480
14:51,Gaby Totterdill,3044,68,gtotterdill2w@accuweather.com,4015992872
12:01,Olenka Ratcliffe,2065,89,oratcliffe2x@washington.edu,6050348176
11:22,Anthia Ensten,9301,27,aensten2y@boston.com,4888690274
11:02,Kacey Deeprose,4621,73,kdeeprose2z@guardian.co.uk,4942173694
14:23,Thor Dilley,7938,40,tdilley30@usda.gov,7314986907
9:22,Don Walker,2406,75,dwalker31@issuu.com,5793698851
12:33,Rebecca Bedbury,2219,71,rbedbury32@freewebs.com,8415510733
9:39,Vern Samarth,7454,59,vsamarth33@hibu.com,5798072009
13:14,Ian Odell,6441,21,iodell34@mozilla.com,3518410087
10:50,Esmeralda Gallo,9014,51,egallo35@hhs.gov,9974326284
12:33,Martha Huton,7174,63,mhuton36@deliciousdays.com,4071507874
15:54,Alberta Whotton,9650,41,awhotton37@guardian.co.uk,9757786866
13:39,Odessa Crinage,7091,114,ocrinage38@huffingtonpost.com,9470772349
9:41,Justinn Whelan,9915,120,jwhelan39@g.co,8682185656
8:18,Gasper Lockney,6520,98,glockney3a@google.de,6870719391
13:39,Marsiella Gusticke,7136,68,mgusticke3b@jigsy.com,7296951565
15:35,Page Emmison,5846,72,pemmison3c@illinois.edu,8859405782
11:45,Candide Penhallurick,8975,77,cpenhallurick3d@psu.edu,2944830082
10:20,Anders Kincaid,3618,69,akincaid3e@mozilla.com,4420859500
11:12,Rochette Samuel,8708,102,rsamuel3f@dedecms.com,7377368469
8:30,Wat Dillestone,2392,49,wdillestone3g@howstuffworks.com,3693622244
13:48,Borden Gartin,5936,80,bgartin3h@tripadvisor.com,9449667419
9:39,Deni Athersmith,5639,69,dathersmith3i@yahoo.com,5810922303
10:59,Ancell Gelder,3409,62,agelder3j@symantec.com,8011008519
14:30,Adelheid Manthroppe,3098,21,amanthroppe3k@pbs.org,1321429208
10:58,Lindsey Thrustle,7120,19,lthrustle3l@bloomberg.com,7144570355
10:17,Quentin Butchers,5511,28,qbutchers3m@wikipedia.org,6631295187
8:47,Reinwald Penswick,2664,27,rpenswick3n@yelp.com,9012238227
9:47,Tania Geelan,3711,37,tgeelan3o@cafepress.com,8219960881
15:46,Otho Lagde,6224,75,olagde3p@ed.gov,9188779978
10:01,Hanni Cheson,8719,23,hcheson3q@microsoft.com,9542733760
10:29,Codie de Tocqueville,9487,22,cde3r@huffingtonpost.com,5580154207
12:25,Curry Rottery,2909,31,crottery3s@bloomberg.com,8143655568
9:42,Ginnie Stanning,8287,111,gstanning3t@comsenz.com,7277469771
10:07,Belinda Selwyn,9069,73,bselwyn3u@devhub.com,5912330092
8:51,Giraud Takis,8700,69,gtakis3v@bizjournals.com,1574384276
9:49,Tarra Ritmeier,8879,87,tritmeier3w@uol.com.br,2580821568
13:49,Edna Lambillion,4667,60,elambillion3x@typepad.com,1808660968
10:44,Eugenius Vinten,6931,42,evinten3y@java.com,5037860728
12:47,Grover Paxeford,9799,30,gpaxeford3z@biblegateway.com,3330110669
11:32,Mohammed Strahan,9074,61,mstrahan40@tinypic.com,7782934874
13:41,Juliette Timmons,4377,35,jtimmons41@addtoany.com,1648340019
10:02,Analiese Strettle,4482,101,astrettle42@salon.com,3867150560
15:25,Robinet Laxtonne,7987,52,rlaxtonne43@tinyurl.com,5068806664
13:09,Clement Filoniere,8772,24,cfiloniere44@furl.net,9824233268
13:40,Odelle Cringle,3597,105,ocringle45@dot.gov,2156820286
8:23,Aurelea Hans,3953,39,ahans46@techcrunch.com,1303975012
11:18,Raymund Dagnall,3545,64,rdagnall47@utexas.edu,1210581538
15:28,Ava Lagde,6704,46,alagde48@nih.gov,9108058945
14:55,Zak Olivie,3697,90,zolivie49@npr.org,8298395925
10:26,Anderea Pentelow,6848,50,apentelow4a@discovery.com,9127463171
10:37,Dermot Soppit,9872,103,dsoppit4b@umich.edu,5195292191
13:23,Olag Hanselmann,7231,31,ohanselmann4c@apple.com,8459384971
13:35,Dav Tixall,5334,120,dtixall4d@gov.uk,8016019164
9:41,Daren Morrissey,9934,116,dmorrissey4e@themeforest.net,6134894042
15:14,Gael Peel,7589,72,gpeel4f@blinklist.com,7529362987
11:43,Nalani Geerits,6168,45,ngeerits4g@odnoklassniki.ru,7217330540
14:35,Michal Brokenshaw,3288,105,mbrokenshaw4h@1und1.de,5387263184
15:15,Phylis Brampton,5940,22,pbrampton4i@fema.gov,9386589183
14:24,Gerhardine Yurkov,6326,52,gyurkov4j@scientificamerican.com,9054507969
15:47,Chanda Aaronson,4418,85,caaronson4k@about.me,7547510849
13:24,Roy Waycot,8129,95,rwaycot4l@nih.gov,5344140311
12:27,Winifield Poll,4578,97,wpoll4m@webeden.co.uk,2279930770
8:59,Fair Dolder,2031,23,fdolder4n@g.co,5588002778
11:16,Kary Bellward,8573,93,kbellward4o@networksolutions.com,5398111207
15:07,Ilyssa Palombi,7171,83,ipalombi4p@sina.com.cn,8660148748
14:51,Judy Dartnall,2626,33,jdartnall4q@craigslist.org,4419885084
14:51,Winni Meddings,5853,107,wmeddings4r@netvibes.com,2020496052
12:28,Boote Hollingby,6296,28,bhollingby4s@meetup.com,5283188601
12:37,Joceline McClosh,6688,120,jmcclosh4t@wix.com,8812811378
12:08,Ganny Steddall,2921,50,gsteddall4u@google.com,5554312607
11:18,Pincus Heard,8907,84,pheard4v@reference.com,8547948352
10:42,Denver Burgott,6218,71,dburgott4w@ow.ly,3831476477
13:10,Eadith McGrane,8185,38,emcgrane4x@nbcnews.com,5405065588
11:46,Belva Summersett,6733,46,bsummersett4y@sphinn.com,7022069317
15:47,Corabelle Urion,9178,26,curion4z@prnewswire.com,9635674540
14:22,Gerri Lissandre,2243,110,glissandre50@lycos.com,3100363794
12:36,Addie Petegrew,5105,117,apetegrew51@domainmarket.com,9710507174
8:55,Peyton Leibold,6671,120,pleibold52@elpais.com,7291164132
13:08,Wendy Mix,2987,59,wmix53@mediafire.com,4826292987
13:38,Bobbye Fayerman,8157,36,bfayerman54@independent.co.uk,4301036336
15:18,Connor Hrishanok,2294,77,chrishanok55@skype.com,4964590144
12:09,Valma Corrado,3601,69,vcorrado56@blog.com,3045411642
12:59,Tallie Binnell,7198,116,tbinnell57@auda.org.au,2857227706
15:25,Wynne Newtown,8885,77,wnewtown58@shutterfly.com,3649046506
12:01,Rafi Derwin,3922,77,rderwin59@de.vu,6045881776
11:42,Pierre McCafferky,6968,60,pmccafferky5a@friendfeed.com,7516209153
9:08,Fee McQuillan,4222,73,fmcquillan5b@oakley.com,8095963489
11:28,Keely Giraldo,6655,95,kgiraldo5c@bizjournals.com,9026003345
11:11,Joan Walch,4037,112,jwalch5d@ed.gov,4934103837
14:44,Mendel Selvey,5909,73,mselvey5e@digg.com,8763658079
15:54,Leland Lowthorpe,4162,106,llowthorpe5f@google.com.hk,9762802877
13:16,Ertha MacNalley,7080,83,emacnalley5g@wsj.com,2124843395
8:07,Freddy Ebbs,8857,113,febbs5h@telegraph.co.uk,8289389167
11:13,Joletta Crottagh,3953,99,jcrottagh5i@google.com,6200391378
14:22,Inga Jarad,4021,85,ijarad5j@omniture.com,6758894539
11:35,Caritta Cotton,3800,116,ccotton5k@mapy.cz,1699907709
12:01,Gwenora Betton,3596,116,gbetton5l@tamu.edu,5296321476
11:25,Debera Feasby,8163,104,dfeasby5m@whitehouse.gov,9914553443
13:45,Axel Pallant,5183,54,apallant5n@google.es,4602257393
9:42,Daffie Worsalls,2898,73,dworsalls5o@guardian.co.uk,5094443686
11:40,Tim Donan,3659,99,tdonan5p@pbs.org,8315557581
11:50,Abeu Law,7334,54,alaw5q@com.com,3581344793
8:59,Cathee Laurance,3564,94,claurance5r@auda.org.au,3889815841
13:48,Emmott L'Homme,2988,48,elhomme5s@scribd.com,5316415870
8:30,Bay Lynde,3957,49,blynde5t@parallels.com,6423703214
9:37,Alfonso Godball,3016,37,agodball5u@feedburner.com,2343363328
8:33,Web MacSkeagan,9155,66,wmacskeagan5v@wisc.edu,5332801143
8:59,Johnnie Van der Brugge,3880,97,jvan5w@npr.org,7606947109
13:42,Giovanna Dahill,4895,28,gdahill5x@yellowbook.com,7278032113
14:55,Saw Eccleshare,3844,82,seccleshare5y@earthlink.net,3018407302
10:01,Glynnis Espinha,5712,118,gespinha5z@gnu.org,4590758497
9:54,Dick Scroxton,9213,19,dscroxton60@bing.com,9031338778
13:59,Kyle Getcliffe,9705,55,kgetcliffe61@reuters.com,5877390065
11:08,Bryce Ledeker,9179,75,bledeker62@soup.io,4330327520
13:54,Alphonso Meric,7703,38,americ63@imageshack.us,6303459874
8:22,Georgie Baud,2725,100,gbaud64@infoseek.co.jp,7822550150
12:21,Mildrid Bouch,4739,34,mbouch65@de.vu,4465019128
12:55,Federica Roark,6923,26,froark66@cbsnews.com,3722962706
15:53,Lloyd Dybell,2341,56,ldybell67@ibm.com,3912165819
11:41,Shayla Pasmore,9257,28,spasmore68@technorati.com,3759596737
14:12,Hillier Hylands,9825,92,hhylands69@nasa.gov,1684717254
14:35,Dwight Lindborg,3866,87,dlindborg6a@icq.com,8699142264
10:42,Koral Ritmeier,6367,38,kritmeier6b@163.com,6797327504
12:57,Emelyne McCann,6514,110,emccann6c@geocities.com,3546871938
14:40,Olympie Fashion,5851,82,ofashion6d@bizjournals.com,1720858874
10:48,Irvine Budik,3720,67,ibudik6e@parallels.com,4956353930
11:39,Nata Bellhouse,8830,109,nbellhouse6f@answers.com,1553713841
12:50,Hattie Vlasin,8765,89,hvlasin6g@opensource.org,9934062540
8:48,Sherwynd Iban,8576,54,siban6h@smugmug.com,6446190328
14:00,Ada Blazic,7186,104,ablazic6i@g.co,2301243357
13:12,Janis Temlett,3974,111,jtemlett6j@europa.eu,6555064515
13:48,Corrine Martello,6713,21,cmartello6k@youtu.be,6327375515
12:41,Carmine Norridge,4387,103,cnorridge6l@wikispaces.com,4859719349
15:30,Lilli Cuxson,5674,41,lcuxson6m@oaic.gov.au,3498812679
11:38,Hannah Cornelius,8659,90,hcornelius6n@wikimedia.org,3929729668
9:39,Charisse Balmadier,8396,94,cbalmadier6o@digg.com,8002019838
12:11,Tobi Buckthought,3952,46,tbuckthought6p@merriam-webster.com,7850418751
10:23,Goldia Lillegard,8878,23,glillegard6q@google.es,5994652609
15:19,Vin Lashley,8963,33,vlashley6r@ucoz.ru,4801302253
8:01,Cointon Peracco,2521,38,cperacco6s@youtube.com,1987063365
9:42,Dahlia Ciardo,7328,73,dciardo6t@comsenz.com,7722716132
10:56,Kleon Westwood,9073,40,kwestwood6u@netlog.com,7907558361
11:11,Emmit Obern,8856,51,eobern6v@cisco.com,6224227460
12:29,Kelcey Mc Comb,6421,98,kmc6w@usatoday.com,5096205586
13:11,Ambros Lautie,9364,36,alautie6x@typepad.com,4355320436
11:10,Annamaria Vedeshkin,3300,64,avedeshkin6y@joomla.org,1509116646
11:08,Colan Brabban,9117,50,cbrabban6z@disqus.com,2978345100
10:46,Cristabel Meneely,3626,100,cmeneely70@comsenz.com,2238452349
12:38,Amory Masding,2719,38,amasding71@symantec.com,8666731025
11:31,Belva Demonge,5920,70,bdemonge72@eepurl.com,5452237181
11:09,Nady Squelch,8636,64,nsquelch73@usgs.gov,2414355080
12:59,Ruthann Snewin,3664,32,rsnewin74@amazonaws.com,2979716416
15:13,Isabeau MacWhan,8559,28,imacwhan75@deviantart.com,4596289072
12:56,Randi Edmondson,8244,88,redmondson76@europa.eu,9114893549
12:23,Tamra Dumblton,4092,71,tdumblton77@reverbnation.com,9734731200
13:18,Henrieta Donaghy,8786,109,hdonaghy78@posterous.com,7912838617
8:37,Cord Padilla,4849,92,cpadilla79@livejournal.com,8965724319
11:32,Broderic Reggiani,6959,34,breggiani7a@jimdo.com,8337613457
9:24,Charil Aris,7410,52,caris7b@ifeng.com,1254927600
14:59,Ulises Venturoli,7118,93,uventuroli7c@wikispaces.com,9599478746
14:21,Brendin Bartzen,7616,24,bbartzen7d@opensource.org,2556816324
9:48,Slade Kristof,3657,79,skristof7e@vistaprint.com,1175856943
9:58,Frederic Janiszewski,3204,98,fjaniszewski7f@taobao.com,3690274848
8:01,Laurie Sibbons,3980,22,lsibbons7g@usgs.gov,4839093964
11:23,Malcolm McKeever,5594,108,mmckeever7h@posterous.com,7582357968
15:26,Myrvyn O' Mullan,4855,38,mo7i@canalblog.com,8480628553
15:20,Paule McGannon,5751,91,pmcgannon7j@mail.ru,4353535841
15:07,Tandie Snar,2416,20,tsnar7k@mediafire.com,2741229559
12:03,Diane-marie Meneely,9721,111,dmeneely7l@rakuten.co.jp,3907337447
9:50,Mikkel Attree,7547,106,mattree7m@wp.com,3376355579
10:23,Annabela Girardot,8801,92,agirardot7n@webnode.com,3100653918
12:21,Dalton Verralls,8591,89,dverralls7o@google.it,4384474082
15:59,Wynne Gillies,4444,86,wgillies7p@ed.gov,2823118945
10:00,Barny Cofax,8649,74,bcofax7q@1und1.de,7259115152
8:20,Frayda Cudde,4654,65,fcudde7r@ebay.com,6261380233
13:20,Ax MacDuff,5577,90,amacduff7s@sitemeter.com,4808872707
12:18,Donny Maffei,4233,25,dmaffei7t@about.com,3612606631
8:43,Janith Olenov,9755,100,jolenov7u@xing.com,5060292086
9:35,Hernando Alder,9672,38,halder7v@who.int,2710576995
15:50,Binnie Cosh,7345,79,bcosh7w@istockphoto.com,5496401736
10:37,Meredeth Longford,8010,94,mlongford7x@irs.gov,9213723888
10:11,Arlette Peschke,4778,86,apeschke7y@shinystat.com,4574064759
11:47,Welbie Ambrose,8630,80,wambrose7z@t.co,7180463904
11:13,Milly Mullinder,5328,97,mmullinder80@sourceforge.net,7843056024
15:40,Tymon Giraudy,7563,74,tgiraudy81@sina.com.cn,5237706104
13:07,Gabe Hizir,7701,110,ghizir82@com.com,7301863343
13:39,Sarena Corradeschi,8317,60,scorradeschi83@wired.com,1705021032
9:49,Boyd Skamal,6029,98,bskamal84@hhs.gov,2723911513
12:45,Lorrin Rowlands,9544,103,lrowlands85@imageshack.us,8534350603
10:23,Chrystal Novotni,5188,114,cnovotni86@miitbeian.gov.cn,2530442192
9:05,Gleda Darbyshire,7249,94,gdarbyshire87@comcast.net,7555440375
13:58,Charmine Smaleman,6093,103,csmaleman88@slate.com,8174729795
12:21,Kora Smale,6509,43,ksmale89@wix.com,8152782568
11:03,Billye Wraggs,8287,103,bwraggs8a@fotki.com,6674001727
8:57,Darill Allcock,9855,111,dallcock8b@cargocollective.com,1972195664
